PDB,set
8CYD,val
8CYJ,train
7XTQ,train
8CY9,train
8CYA,train
8CYB,train
8CYC,train
8CY6,train
8CY7,train
8CWV,train
8CXN,train
8CXQ,val
7SSZ,train
6FE4,train
7N0H,train
5L21,train
7Q1U,train
7A17,train
6X02,train
6H7O,train
5JA9,train
5TOJ,train
7AQY,train
4U3X,train
6UL6,train
5Y7Z,train
7RGP,train
7VND,train
5DA4,train
4B50,train
5FUC,train
6XOX,train
5OJM,train
4W2O,train
6X08,val
7MY3,train
1G6V,train
7JKM,train
5NQW,train
7QBF,val
2P42,train
7JKB,train
3UPC,train
7TPR,train
7N0R,train
6HUJ,train
6U53,train
5LWF,val
3K74,train
7X2D,train
6N51,train
7N9T,train
4W2P,train
7R74,train
7OAU,train
7DV4,train
7SP9,train
7A4D,train
6TYL,train
6ZWK,train
4W2Q,train
5VM4,train
4S10,train
7P78,train
5M2M,train
2X89,train
4NC1,train
6HJY,train
7M1H,train
6Z2M,train
4KRO,train
4ORZ,train
7RTH,train
6OC8,train
5OVW,train
5M14,train
7PC0,train
5USF,train
7QBG,train
7RBT,train
1KXT,train
5IP4,train
5F93,train
6GKD,train
6O3C,train
7N9V,train
7OOI,train
7CFN,train
7XOD,train
7AQX,train
7MFV,train
1MEL,train
4P2C,train
2BSE,train
7R24,train
5UK4,train
4I13,train
1KXQ,train
6OBE,train
6OQ5,train
7P5W,train
7E9G,train
7V9L,train
5E5M,val
7B2Q,train
4X7F,train
4KRM,train
6OZ6,train
3OGO,train
7F58,train
7BNW,train
7ZFB,train
7RI1,train
7SN3,train
7A29,train
6XYM,train
5VL2,train
7Z1E,train
6XW4,train
6H71,train
6NI3,train
7VBI,train
7AQZ,train
7OAQ,train
6VI4,train
5F7L,train
7PIJ,train
7CFM,train
2X1P,train
7T5F,train
4YGA,val
7WU3,train
7WPD,train
6QTL,train
7KSG,train
7R98,train
6NI2,train
5VAN,train
5VM0,train
7NS6,train
5O2U,train
6EY6,train
5NML,train
7QN7,train
6SSP,val
1OL0,train
7KKL,train
6X07,train
6FYU,val
6QGY,train
6RNK,train
6SSI,train
7OAY,train
7NJ3,train
5UKB,train
7WPE,train
7P6K,train
7LVU,train
7N9C,train
7NIK,train
7R23,train
5BOZ,train
6HEQ,train
5M30,train
6UC6,train
4M3K,train
5M95,train
7CZ5,train
7NKR,train
5N88,train
5JQH,val
5O8F,train
5HM1,train
6SGE,train
1BZQ,train
7B18,train
7VUJ,train
7XJH,train
7E6U,train
7P5V,train
7QN6,train
7KDM,train
7O31,train
5HGG,train
4LHJ,train
5E7B,train
6ZXN,train
7ZML,train
7K7Y,train
6FYS,train
7PQG,train
7RG9,train
6GK4,train
7WPF,train
7KLW,train
6WPW,train
5GXB,train
7SP6,train
7CX4,train
4LDE,train
6N50,train
6KSN,train
6GWP,train
7CZD,train
4PIR,train
5E7F,train
6P9Y,train
7FIN,train
6RUV,train
7A4T,val
3QXU,train
6RAL,train
5O0W,train
5FV2,train
7PHQ,train
5U65,train
7FIG,train
6XXN,train
6C5W,train
5LMJ,train
6OBO,train
7JWB,train
7LVW,train
6Y1R,train
5F21,train
7WUJ,train
5M13,train
7RXD,train
7P7A,train
6U51,train
3EZJ,train
7BTS,train
6ITQ,train
7P77,train
6OQ6,train
6UL4,train
7LLL,train
5M94,train
6IBB,train
4U05,train
3K1K,train
7Z1C,train
7PHP,train
6QFA,train
6NFJ,train
1F2X,train
6QPG,train
6JRI,train
6RAJ,train
1ZV5,train
7KI1,train
6WAQ,train
7R4Q,train
3DWT,train
6T2J,train
7NMU,train
6LMK,train
7MJH,train
6Z6V,train
6RPJ,train
6I8G,train
1HCV,train
6WW2,train
5MWN,train
7OCY,train
7X2F,train
6SC6,train
7OAN,train
7QNB,train
2P44,train
5TP3,train
6YZ7,train
7TE8,val
6ZPL,train
5IMM,train
6QKD,train
4I0C,train
7N9E,train
4Z9K,train
7QNE,train
4KML,train
7MLV,train
5C2U,train
4KRN,train
7ME7,train
4B41,train
3RJQ,train
7N0G,train
1YZZ,train
7R1Z,train
7LZP,train
7LDJ,train
4U7S,train
7C8V,train
7KJH,train
6X04,train
6XXO,train
5H8D,train
7NJ5,train
6Y0E,train
7SP7,train
5F97,train
5F8Q,train
7N9B,train
5MY6,train
6Z3X,train
4PGJ,train
6VCB,train
3R0M,train
3QXT,train
7P5Y,train
6DYX,train
6H70,train
5NLW,train
6CWG,train
6Z43,train
1JTP,train
5SV4,train
2VYR,train
7PQQ,train
7F5H,train
4XT1,train
7SPA,train
3G9A,train
5TJW,train
5OCL,train
6IBL,train
6WHC,train
6RAN,train
2WZP,train
7ZMQ,train
7PAF,train
6H72,train
4GRW,train
7XJI,train
6X9X,train
4S11,train
7KN5,train
5U4L,train
7NIR,train
6RVC,train
7N9A,train
2X6M,train
4POY,train
7WBJ,train
7VNC,train
1QD0,train
5KU2,train
6XVI,train
1JTT,train
7D30,train
1I3V,val
7NFT,train
5HCG,train
5DMJ,train
6DO1,train
7M74,train
2XXM,train
7RI2,train
5F8R,train
7PBZ,train
4LHQ,train
7ZMM,train
7KH0,train
7WHI,train
6HJX,train
4GFT,train
3P9W,train
4LGP,train
5H8O,train
5J57,train
6ITP,train
7DUR,train
6UKT,train
6SC8,train
3STB,train
4ZG1,train
6RAF,train
7QN8,train
6OYH,train
6XW6,train
4QGY,train
7NLL,train
7RA3,train
7QIC,train
6EY0,train
7DUQ,train
6FYT,train
5KU0,train
6XW5,val
3K80,val
6H7J,train
7NVN,train
7DGE,train
4M3J,train
5NBL,train
6F0D,train
5NBM,train
3ZHL,train
5JMO,train
7ZMO,train
7ZMR,train
3J69,train
6WAR,train
4KDT,train
3CFI,val
6DBD,train
7TYY,train
6OCA,train
7D5Q,train
6PB0,train
5M2W,train
1U0Q,train
5FWO,train
7DH5,train
7P16,train
7CKW,train
4X7D,train
7FIY,train
7CAN,train
7F53,train
6XXP,train
7K84,train
7X7E,train
6QV1,train
6H6Y,train
7KKJ,train
7QN9,train
5DXW,train
5IHL,train
6ZH9,train
6H7N,train
7OMM,train
5TOK,train
4EIZ,train
7NVM,train
4BFB,train
7AZB,train
7QJJ,train
4PFE,train
6VN7,train
6I8H,train
6FPV,train
6I53,train
6H7M,train
7A4Y,train
7LJD,train
6CK8,train
5NLU,train
7WHJ,train
5MJE,train
7TYH,train
7S2S,train
6XV8,train
6U55,train
7MFU,train
5VXL,train
6LPB,train
4NC0,train
3B9V,train
7AQG,train
4POU,train
6ZQK,train
6JB2,train
7WHK,train
7QCQ,train
6HHD,train
5DFZ,train
1OP9,train
6GS1,train
6GDG,train
4CDG,train
7Q6Z,train
7RTB,train
5EUL,train
6SC7,train
6QD6,train
7S1M,train
6H6Z,train
4KRP,train
6SC5,train
6AO0,train
4HEM,train
6CNW,train
5JA8,train
7Z1A,train
7DHR,train
7B27,train
6QX3,train
7L1V,train
1JTO,train
4N9O,train
3JBD,train
6Z1Z,train
5BOP,train
3ZHK,train
7EPT,train
1ZVY,train
5VLV,train
7OAO,train
2XV6,train
7BW0,train
3TPK,train
6RAG,train
7X7D,train
7F55,train
7F23,train
7SP8,train
7NK6,train
7TYF,train
7WU2,train
1KXV,val
7JHH,train
7CX2,train
7D8B,train
6RBB,train
7BU7,train
6X19,train
7F4I,train
3P0G,train
8YY8,train
7VAB,train
7MY2,train
6EQI,train
5J56,train
4NC2,train
3QXW,train
7Z1B,train
2P46,train
5F7Y,train
1OHQ,train
6GWN,train
1MVF,train
4KFZ,train
5KTZ,train
7KGK,train
7DST,train
6QUP,train
5HVH,train
5F7K,train
4C58,train
5O04,train
6GJQ,train
7KI0,train
4KSD,train
4QKX,train
6DBE,val
4DK6,train
7CKX,train
5IML,train
1ZMY,train
5TSJ,train
6VBG,train
1RJC,train
4X7E,train
5JMR,train
7ZMP,train
7P60,train
7NIS,train
1XFP,train
7MDW,train
4NBZ,train
6U54,train
6Z10,train
5F9A,train
6RQM,train
6RTY,train
7A25,train
4HJJ,train
7QND,train
5M15,train
6OBG,train
7KBK,train
4IOS,train
7RBY,train
5WHZ,train
3K7U,train
6GS7,train
6OCD,train
6XZF,train
7R4R,train
5OMN,train
6LZ2,train
5LHR,train
7ZMN,train
6XW7,train
7QIA,train
7QBE,train
1SHM,train
7LX5,train
6MXT,train
7D5P,train
7KN7,train
7X8S,train
5VNW,train
7F0T,train
6B20,train
7NA9,val
3QYC,train
6OS0,train
7KM5,train
5MP2,train
7N0I,val
6JB5,train
7LPN,train
6QV2,train
5OMM,train
6ZG3,val
6DBF,train
6UI1,train
7NKI,val
4DK3,train
7QJI,train
6ZBV,train
5HVG,train
7FG3,train
7F9Z,train
5O03,train
7DJY,train
7NK1,train
6J7W,train
7NK8,train
5DA0,train
5F7M,train
6O89,train
7AEJ,train
4AQ1,train
3K3Q,train
6EHG,train
6I2G,train
6LI3,train
4JVP,train
7DTY,train
7TYN,train
4OCM,train
5J1S,train
5TD8,train
7UL3,train
5LHN,train
6APP,train
7PIV,train
3EAK,train
6UFT,train
5VNV,train
7CRH,train
4W70,train
7NJ7,train
6H7L,train
3ZHD,train
4QLR,train
3K81,train
5F7N,train
7OBF,train
4Y7M,train
4WEN,train
7ZF4,train
4N1H,train
7C8W,train
7VNE,train
5VAK,train
7KD0,train
6GS4,train
5VXJ,train
6OS2,train
5VAI,train
6QV0,train
6ZHD,train
6GCI,train
4DKA,train
7OAP,train
1SJV,train
7JV5,train
3EBA,train
7VUI,train
5VXM,train
5VM6,train
5JDS,train
7NQK,val
6SWR,train
6OYZ,train
6V7Z,train
4QO1,train
7NKC,train
7B17,train
7FG2,train
7QNC,train
7NK2,train
6B73,train
7KDU,val
7LJC,train
7P79,train
3JBF,train
7KN6,train
6DBG,train
7KJI,train
4C59,train
6ZCZ,train
7NOW,train
6QX4,train
5NM0,train
6APQ,train
7RNN,train
7X2C,train
6HDB,train
7QN5,train
3QXV,train
5C3L,train
5WB2,train
6B3J,train
7JOZ,train
6H1F,train
6EZW,train
7NGH,train
6DBA,train
7R4I,train
5HDO,train
6GJU,train
7CZ0,train
4LGR,train
7DSS,train
6Z1V,train
5LZ0,train
4W68,train
7NJ4,train
7KD2,train
7NQA,train
7EPB,train
3JBE,train
6N4Y,train
7D3S,train
5G5X,train
6ZE1,train
4NBY,train
7F4H,train
7VQX,train
7KGJ,train
7F54,train
6U50,train
7BNP,train
6NIY,train
5O05,train
5G5R,train
7D4B,train
4TYU,train
7TYO,train
7F9Y,train
6ZRV,train
5M7Q,val
6PB1,train
7NVL,train
4OCN,train
7JVP,train
7L6V,train
5C1M,train
7TUY,train
4LDO,train
6A96,train
6IR1,train
1YC8,train
7V35,train
3V0A,train
5I0Z,train
4W6X,train
7NX0,train
1YC7,train
7RXC,train
6OS1,train
5U4M,train
5E1H,train
5LMW,train
7BC6,train
7DW9,train
7WQ4,train
7F1O,train
6GJS,train
7NIL,train
4OCL,train
7MBX,train
7NKT,train
7NKA,train
5VXK,train
7VUH,train
7LLY,train
7B2M,train
5FOJ,train
5M2I,train
2X1Q,train
7WUI,train
6GZP,train
7SLA,train
4W81,train
7KBI,train
7JOO,train
7KKK,train
7QIV,train
5VAQ,train
7JHG,train
6JB8,train
7R9D,train
7FAT,train
5SV3,train
7TYI,train
5Y80,train
7QBD,train
2P49,train
4LAJ,train
7F5G,train
7S2R,train
7B14,train
6XYF,train
5UZ7,train
6M1I,train
6QGX,train
3JBC,train
7D2Z,train
4KRL,train
4I1N,train
4HEP,train
6YSQ,val
4WEU,train
7CKZ,train
6NBH,train
6FV0,train
4C57,train
2X1O,train
4NBX,train
6IR2,train
6ZBP,train
7JJO,train
7JVQ,train
5WB1,train
6Z20,train
7BB7,train
7KC9,train
5HVF,train
6RU5,train
6KNM,train
7NK4,train
5IVN,train
2P45,train
7K65,train
4PPT,train
7D68,train
5IMO,train
7EOW,train
6Q6Z,val
6SC9,train
6UHT,train
6ITC,train
6XUX,train
7TYW,train
7P14,train
1RI8,train
7A0V,train
5MZV,train
6HD9,train
6S0Y,train
7PIU,train
6M1H,train
6NBF,train
6X06,train
5FHX,train
7A50,train
7CX3,train
6UVA,train
6HUG,train
4EIG,val
6YZ5,train
6HER,train
7QNA,train
6C9W,train
7F16,train
6CWK,train
6RAH,train
6U14,train
6OBC,train
6CNV,train
2P4A,train
6OQ8,train
7PBD,train
3ZKX,train
4W6W,val
4WEM,train
4TVS,train
6HHU,train
7MEJ,train
6TEJ,train
4EJ1,train
4B5E,train
1SJX,train
6RTW,train
6RU3,train
5F1O,train
6X1A,train
2XXC,train
7B2P,train
7WUQ,train
5LHP,train
6X18,train
6HUP,train
5J1T,train
7Z1D,train
7VBH,train
6OBM,train
6JB9,train
6H15,train
7A5V,train
6V80,train
6QUZ,train
4LGS,train
5F7W,train
6FUZ,train
6H02,train
6HD8,train
6P9X,train
6FYW,train
7SL8,train
6U52,train
6RAK,train
7V9M,train
6LR7,train
7F4D,train
5KWL,train
4X7C,train
7X8R,train
7TYL,train
6UUS,train
6WZG,train
5LHQ,train
4Y8D,train
6U12,train
7BU6,train
6H16,train
2XT1,train
7BB6,train
5NBD,train
7RMI,train
6RAM,train
6HUO,train
6V7Y,train
5F1K,train
6X03,train
7FIM,train
7S3I,train
5.00E+03,train
1ZVH,train
7TYX,train
4W6Y,train
3JBG,train
7RMH,train
5E0Q,val
7A6O,train
6E3Y,train
6RAI,train
7TZF,train
4MQS,train
7JVB,train
7D6Y,train
6HDA,train
4IDL,train
6N48,train
6O8D,train
6QGW,train
5O02,train
6OQ7,train
6WI9,train
7EVM,train
5M2J,train
6XZU,train
5U64,train
1T2J,train
6X05,train
3QSK,train
7BC7,train
5F9D,train
6OYA,train
6YU8,train
2P43,train
6HDC,train
5IVO,train
2P47,train
7D7M,train
3SN6,train
7MJI,train
7CKY,train
7SL9,train
7RMG,train
6F2G,train
5IMK,train
6F2W,train
6APO,train
6R7T,train
6HUK,train
7BZ2,train
4FHB,train
4LDL,train
6UUN,train
6I6J,train
7DHI,train
6NBI,train
7C2E,train
6GWQ,train
3LN9,train
7A48,train
2P48,train
6YO6,train
5WTS,train
4MQT,train
7.00E+14,train
8CWU,test
7OMN,test
7R63,test
7NDF,test
7ZXU,test
7FAU,test
7ZMV,test
7OLZ,test
7Q6C,test
7NFR,test
7O06,test
7APJ,test
7DJX,test
7ON5,test
7VNB,test
7W1S,test
7O0S,test
7NP9,test
7AR0,test
7F1G,test
7OM5,test
7VFB,test
7N4N,test
7ANQ,test
7NFQ,test
7S7R,test
7.00E+53,test
7OMT,test
7R20,test
7F07,test
7VFA,test
7RG7,test
7R73,test
